{"cameraMode":{"drawMode":0,"name":"Shaded","section":"Shading Mode"},"sceneLighting":true,"audioPlay":false,"sceneViewState":{"m_AlwaysRefresh":true,"showFog":true,"showSkybox":true,"showFlares":true,"showImageEffects":false,"showParticleSystems":true,"showVisualEffectGraphs":true,"m_FxEnabled":true},"in2DMode":false,"pivot":{"x":17.97357749938965,"y":-167.4213104248047,"z":559.3080444335938},"rotation":{"x":-0.13308317959308625,"y":-0.01845969818532467,"z":0.002453695982694626,"w":-0.9909465909004211},"size":311.89825439453127,"orthographic":false}